Label,Message
spam,"Dear Student, Its never too late-clear your basics-work hard to work smart.Plan your daily schedule with experts also batches starting for ENG,ACCOUNTS,B.ST,IP & ECO at our SEC-3 Branch,ROHINI Near Ayodhya Chowk & Pitampura branch near Pitampura Metro station.Call 8447841933 V-STUDY"
spam,"Join V-STUDY and score excellent marks in class 12th (Our Students feedback-95%+ coverage from our assignments,class room examples & test series) Batches starting for ENG, IP, ACCOUNTS,B.ST & ECO in SEC-3,ROHINI Near Ayodhya Chowk & Near Pitampura Metro Stn. Call 8447841933 V-STUDY (VIDYASAGAR INSTITUTE)"
spam,"Join crash courses for B.ST,A/C'S,ECO,ENG,&IP (fee only Rs.5000 per sub) from expd faculties.Branches in Sec-3 Rohini & Pitampura. Call 7503507230.V-STUDY"
spam,"CRASH COURSES by BEST POOL OF FACULTY. ENGLISH by MA(ENG) MEGHA SURI, ACCOUNTS by CS NITIN GUPTA,ECO by CS NITIN, IP by MCA RAHUL starting today(fee rs.5000/sub only) at D-15/27-28,SEC-3,ROHINI Near Ayodhya Chowk & FD-6,2nd Floor, Near Pitampura Metro Stn. Call 7503507230 V-STUDY"
ham,"Dear Ola Shuttle user, get 60% Off on your next 2 shuttle rides. Use code: SHUTTLE60. Valid for first 5,000 users. Book Now !"
spam,"Please pay bill amount of Rs. 29 in cash for your Ola ride, served by Rajendra."
spam,Watch the undercover story of Subhash Chandra Bose. Unveiling Indias biggest mystery BOSE: DEAD or ALIVE watch now on Vodafone Play! http://bit.ly/2x7JQwz
spam,"Bollywood Beauties go Bold. Get Videos, Wallpapers of Bold Bollywood Beauties. Click http://hng.am/8291"
spam,"Ab hum laye hai aapke liye romantic calletunes ka bhandaar,Download kare Callertune app Click http://hyperurl.co/ctt aur payein FREE profile tunes bhi"
spam,Govt Mandate: Update Aadhaar to avoid blocking of your Axis Bank Account by 31/03/18. Visit your branch or click goo.gl/d214uS. Kindly ignore if already updated
spam,"You have used 50% of your 1 GB daily high speed internet quota on your Jio Number 8178390589 as of 18-Nov-17 20:57 Hrs. To track your balance and usage, click http://tiny.jio.com/TrackBalance or give a missed call to 1299 to receive details via sms"
spam,"You have used 50% of your 1 GB daily high speed internet quota on your Jio Number 8178390589 as of 04-Dec-17 13:57 Hrs. To track your balance and usage, click http://tiny.jio.com/TrackBalance or give a missed call to 1299 to receive details via sms"
spam,"You have used 50% of your 1 GB daily high speed internet quota on your Jio Number 8178390589 as of 07-Jan-18 20:52 Hrs. To track your balance and usage, click http://tiny.jio.com/TrackBalance or give a missed call to 1299 to receive details via sms"
spam,Welcome to Jio-UP & Uttarakhand. Enjoy Free Incoming calls and Outgoing calls anywhere in India while roaming. 4G Data & SMS benefits will be as per your plan.
spam,Welcome to Jio-UP. Enjoy Free Incoming calls and Outgoing calls anywhere in India while roaming. 4G Data & SMS benefits will be as per your plan.
spam,"You have used 100% of your high speed internet quota from Data account of MRP 399 on your Jio Number 8178390589 as of 09-Jan-18 19:14 Hrs. Internet speed will be reduced in case you do not have any active data plan. To continue enjoying 4G speed, recharge now. "
ham,Use code UP30 and get 50% off up to Rs 30 on 3 Micro/Mini/Prime rides till 5th Jan. Book Now on bit.ly/C_SMS
ham,Use code MORNING50 and get 50% off upto Rs 50 on 3 Micro/Mini/Prime rides between 6AM & 11AM. Valid till 14th Jan. Book Now on bit.ly/C_SMS
ham,Use code UP30 and get 50% off up to Rs 30 on 3 Micro/Mini/Prime rides till 12th Jan. Book Now on bit.ly/C_SMS
spam,"Write India's author of the month, Twinkle Khanna has unveiled her passage. Read it on www.toi.in/writeindia and start weaving your story now."
ham,Chal
spam,"Dear Customer, You have a missed call from +917985862318 . The last missed call was at 11:18 PM on 14-Oct-2017 . Thankyou, Team Jio."
ham,Chal be vo Mera style nhi hai
ham,Aur vaise bhi samajhdaar samajh jaate hai
ham,Bina btaye
ham,Chup re gadhe
ham,Drr gayi main to Teri dhmki sw
ham,Stupid meerut
ham,Gadha hi rhega tu
ham,Tujhe bdhi chinta ho rhi hai
ham,Shi log hai
ham,Nhi
spam,1/2 BHK @ Rs.16.5 Lac (All Incl) In GURGAON Call 9210136830
spam,"It is a spam message and I want to rephrase this message, completely to fill my dataset with spam messgaes. Now rephrase it entirely , totally differently "
spam,"Get a Pension of Rs.30,000 per month & Get Rs.60 Lacs for your family by investing Rs.3,000 per month + Save Tax. T&C apply. For details, sms PEN to 56161"
spam,Welcome to Jio-UP. Enjoy Free Incoming calls and Outgoing calls anywhere in India while roaming. 4G Data & SMS benefits will be as per your plan.
spam,VODAFONE special FREE gift for you! Dial *444*505*00# and get all mobile calls at 30p/min for 90 days completely FREE! OFFER only till 23/09/17!
spam,Welcome to Vodafone UP East. Now ROAM LIKE HOME! Get home rates across India with our NEW Roam like Home pack .Â  Dial *121*121# to know more.
spam,Welcome to Vodafone UP West. Now ROAM LIKE HOME! Get home rates across India with our NEW Roam like Home pack .Â  Dial *121*121# to know more.
ham,Your code is 1824. Return to the RailWire Wi-Fi website and enter the code to get online.
spam,Vodafone SuperNet UP West mein aapka swagat hai. Poore Bharat mein FREE ROAMING ka anand uthayein ! Ab har Incoming call hogi Free!
spam,"Connect to fast, free 'RailWire Wi-Fi' at the boarding station powered by Google Station. Learn how to connect https://goo.gl/geu9RC"
spam,BHIM makes money transfer as easy as sending a text message. Start using BHIM from today and be cashfree. Click here bit.ly/2ujQmwe
spam,"While receiving international call, if an Indian number or no number is displayed on your phone, please inform on toll free number 1800110420 /1963."
ham,New way to New Year! End the year with a perfect trip. Use code HOLIDAY and get Rs 250 off on your 1st Ola Outstation ride. Know More https://goo.gl/Jhd4oC
ham,Use code MORNING50 and get 50% off upto Rs 50 on 3 Micro/Mini/Prime rides between 6AM & 11AM. Valid till 7th Jan. Book Now on bit.ly/C_SMS
ham,Use code UP50 and get 50% off up to Rs 50 on 3 Micro/Mini/Prime rides till 7th Jan. Book Now on bit.ly/C_SMS
spam,"Dear Customer, we are offering you STD+Loc 30p/m for 28 days completely FREE. Dial *121*00# to activate now, Charges = 0 Rs. Dial *121# for Full talktime offer! "
spam,Enjoy unlmtd loc+std+roam calls & 1GB/day for 28Days only at Rs198. Available on Etop or click http://www.vodafone.in/mvvf1 to recharge
spam,Enjoy unlmtd loc+std+roam calls & 1GB/day for 28Days only at Rs198. Available on Etop or click http://www.vodafone.in/mvvf1 to recharge
ham,Use code UP30 and get 50% off up to Rs 30 on 3 Micro/Mini/Prime rides till 5th Jan. Book Now on bit.ly/C_SMS
ham,Use code MORNING50 and get 50% off upto Rs 50 on 3 Micro/Mini/Prime rides between 6AM & 11AM. Valid till 7th Jan. Book Now on bit.ly/C_SMS
ham,For love of God come online!
ham,What. Why. Not allowed xD
ham,Where are you? Come online for five.
ham,Are You in train yet? Care to reply pliss
ham,Goodnight then?
ham,Aaj Nhi aana h?
ham,"Hotspot. Use kar lo :""3 kissi ke pass nhi h ?"
ham,Online aa jao
ham,Okay wait for five
ham,Hey? Um. You okay right?
ham,Umm ok. I understand. Take care. Ly more.
ham,Do you think that maybe we can talk?
ham,"Back,babe ;*"
ham,Also. Thanks for the flower *.* your first one to me! *_* love you so much!
ham,Doesn't matter how much time we get to spend together ..I start missing you as soon as I get back home
ham,Not bad huh? ;*
ham,Oh god. I can't sleep. Thank you so much. And still so wet.
ham,WiFi went off . Fml.
ham,Sorry
ham,Yaar. Rehne De.
ham,Today
ham,Okay? Maybe we could meet
ham,Or maybe just wait
ham,I don't think it'll be possible today. I'm sorry
ham,Oh and..say hi to Yug!
ham,You there? Everything okay?
ham,Where are you? Come online!!!!
ham,I'm so sorry. This place has no privacy
ham,My freaking family! What else!? Jab bhi baat karne baithti hu koi aa jaata h! I'm so sorry. Upar se WiFi toh pta Nhi kya chul hoti h band karne ki
ham,Did she see it? Reply pls
ham,Just reply to all those questions.
ham,Why you no have bal? :/ I feel like bugging you all the time
ham,"Ok. I didn't know you were such an artist *_* iron man has been my fav. *_* and that one. You nailed it , man. *hats Off , sir*"
ham,Come online?
ham,I'm having bad stomach ache. Periods. I'll come around 4. It's killing me.
ham,You see..Idk. Well grown ups don't get it. Okay? So. Idk.
ham,But big enough. And. Mom is upset bcs she thought we were mature enough not to fall for shit like that.
ham,Hey. It's a little storm back at my place. The only thing I care about Is my bond with mom. Its not even such big of deal as much these people made it look like.
spam,Govt Mandate: Update Aadhaar to avoid blocking of your Axis Bank Account by 31/03/18. Visit your branch or click goo.gl/U7Zp79. Kindly ignore if already updated
spam,Govt Mandate: Update Aadhaar to avoid blocking of your Axis Bank Account by 31/03/18. Visit your branch or click goo.gl/d214uS. Kindly ignore if already updated
spam,"Write India: Last date of submission for author Chitra B Divakaruni, has been extended. Read her passage on www.toi.in/writeindia and submit your story by 4 Jan"
spam,"Service Message : Dial *111# (toll free). to know your prepaid a/c detail BEST FIT OFFER, RECHARGE, DATA PACK, and much more"
spam,Dial *111# (toll free) and get your Vodafone account details instantly on your handset. Dial now!!
spam,"Join crash courses for B.ST,ACCOUNTS,ECO,ENG,&IP (fee only Rs.5000 per sub) from expd faculties.Branches in Sec-3 Rohini & Pitampura. Call 7503507230.V-STUDY"
spam,We hope you liked the All New Domino's Pizza. We would Love to hear your feedback. Click http://piza.io/d/a.asp?i=88118239953116575
spam,"Enjoy Ur Fav Peppy Paneer Pizza at All New DOMINO'S with Bigger & More Toppings,Soft Crust,Tastier Sauce & More Cheese. WalkIn/Order@ 68886888/ goo.gl/CQThqp"
spam,"Enjoy Ur Fav Peppy Paneer Pizza at All New DOMINO'S with Bigger & More Toppings,Soft Crust,Tastier Sauce & More Cheese. WalkIn/Order@ 68886888/ goo.gl/CQThqp"
ham,We have received your order no.149 amounting to Rs.1550 and its being prepared.You can track your order at http://bit.ly/1PfGWYl Thank You!
spam,We hope you liked the All New Domino's Pizza. We would Love to hear your feedback. Click http://piza.io/d/a.asp?i=20638989953116575
spam,Be the Change you wish to see & enjoy the Change@ All New DOMINO'S. Get 20%off on Med Pizzas Today! WalkIn/Order@ 68886888/ goo.gl/CQThqp Cpn: CRMC83D178BE4 T&C
spam,Enjoy Super Value Friday at the All New DOMINO'S. Get 2 Medium Pizzas starting@ 199 each. Walk-In/Call@ 18602008888/Order Online@ goo.gl/CQThqp /Mobile App. T&C
ham,"Experience the ""All New Domino's Pizza"". Your order no is 86. Click http://piza.store/di/23592479953116575.Png to check if we got your order right."
ham,Your Domino's 4 digit verification code is 8445
ham,We have received your order no.136 amounting to Rs.558 and its being prepared.You can track your order at http://bit.ly/1PfGWYl Thank You!
ham,We have received your order no.340 amounting to Rs.1340 and its being prepared.You can track your order at http://bit.ly/1PfGWYl Thank You!
ham,Your Domino's 4 digit verification code is 7142
ham,We have received your order no.158 amounting to Rs.562 and its being prepared.You can track your order at http://bit.ly/1PfGWYl Thank You!
ham,We have received your order no.40 amounting to Rs.344 and its being prepared.You can track your order at http://bit.ly/1PfGWYl Thank You!
spam,We hope you liked the All New Domino's Pizza. We would Love to hear your feedback. Click http://piza.io/d/a.asp?i=73435319953116575
spam,Domino's Pizza live kitchen @ weddings now! We serve in the most memorable occasion in your life @ very nominal prices. Call VRajendra: 9818324477
spam,"Dear Customer, Open iWish flexible RD and get Amazon voucher worth Rs. 100, Top 100 customers daily to win vouchers. Details at goo.gl/MxQS9T . T&C."
spam,"Dear Customer, secure your health along with tax benefit u/s 80D* with ICICI Lombard Health Plans through ICICI Bank. Details at bit.ly/2AVOzQR . T&C. UIN4718."
spam,"Dear Customer, dream of a bigger home made possible with enhanced eligibility of up to 20%* with ICICI Bank Home Loans. For dtls, visit https://goo.gl/nTHZ2v .T&C."
spam,"Dear Customer, shop using Internet Banking at AJIO.com & get Rs. 400 off on purchase of Rs. 1499 and above. Use Promo Code ICICI400. Offer till 31-Jan-18. Details at goo.gl/7TNnD3 . T&C apply."
spam,Body Massage Call 9210459107 spachanakya.com
spam,"Kotak 811 Savings Account gives you up to 6%* interest p.a. with no balance commitments. Get 811 now, http://bit.ly/Kotakm4 *T&C apply."
spam,"No extra Roaming charges, pay same as home call rates just recharge with Rs 51/-. Validity 28 Days. Dial *444*510# to activate now"
spam,"No extra Roaming charges, pay same as home call rates just recharge with Rs 51/-. Validity 28 Days. Dial *444*510# to activate now"
spam,Roam aur Home ek samaan call rate sirf Rs.51 ke recharge pe ! Abhi activate karne ke liye dial karein *444*510#
spam,"Dear Customer, Standard SMS Tariff of Rs.1/,Rs.1.5 /,Rs.5/ will apply for Local/National/International SMS on 31-Dec17 & 1-Jan18 on account of New Year."
spam,"Hello! As directed by the Govt. of India, re-verify your mobile number with your Aadhar number by 6-Feb'18. Please visit any of our Vodafone outlet."
spam,"Dear Customer, Check your Recharge Offers, Data Pack Balance, Balance Deduction & much more by dialling *111#(toll free)."
spam,"Hello! As directed by the Govt. of India, re-verify your mobile number with your Aadhar number by 31st March'18. Please visit any of our Vodafone outlet."
spam,Your plan for Jio no. 8178390589 will expire on 03-12-2017. Recharge with Rs.399 plan today and enjoy FIRST EVER TRIPLE CASHBACK upto Rs.2599. HURRY! Offer available for LIMITED PERIOD. Click http://jio.com/r/QoLSEkGL to recharge now. T&C apply
spam,Your plan for Jio no. 8178390589 will expire on 03-12-2017. Recharge with Rs.399 plan today and enjoy FIRST EVER TRIPLE CASHBACK upto Rs.2599. HURRY! Offer available for LIMITED PERIOD. Click http://jio.com/r/QwPHfd6D to recharge now. T&C apply
spam,Gift a JioPhone to your loved ones & connect via video calls every day. Now at a store near you http://jio.com/r/SMC8zpRI Limited stocks available. Team Jio
spam,Jio presents India's 1st Prepaid Auto Recharge. Register for JioAutoPay now and get cashback upto Rs.600. Click http://jio.com/r/UeVMb0c5
ham,"Shipped: Your Asus Core i7 7th Gen -... with order ID OD111046594996684000 has been shipped and will be delivered by Friday, Dec 22, 2017. You will receive another SMS when Ekart Logistics's Wishmaster is out to deliver it. Track your shipment here http://fkrt.it/H~R58TuuuN"
spam,"Dear Customer, You have a missed call from +919990203576 The last missed call was at 01:58 PM on 27-Dec-2017 Thankyou, Team Jio."
spam,"Upload Selfie & Win Rs.1 Lac Cash. Selfiefever.com Presents, Great India Selfie Contest. https://play.google.com/store/apps/details?id=com.uks.selfiefever"
ham,"PNR 2716116285 ticket cancelled, Amt 170 will be refunded in your a/c with in 3-4 days. Please check your account/instrument from which this tkt was booked."
ham,"PNR:2437275075,TRAIN:12452,DOJ:04-10-17,SL,NDLS-CNB,Dep:23:55, UDDESHYA SINGH,S6 29, Fare:390,SC:0.0+PG+INS"
ham,"PNR:2501821248,TRAIN:12003,DOJ:15-12-17,CC,CNB-NDLS,Dep:16:55, UDDESHYA SINGH,RLWL 10, Fare:1185,SC:0.0+PG+INS"
ham,"PNR 2501821248 ticket cancelled, Amt 1120 will be refunded in your a/c with in 3-4 days. Please check your account/instrument from which this tkt was booked."
ham,"PNR:2602004723,TRAIN:12033,DOJ:16-12-17,CC,CNB-NDLS,Dep:06:00, UDDESHYA SINGH,C6 14, Fare:1030,SC:0.0+PG+INS"
spam,YOU ARE NOT ALONE!! A trip where everyone is a stranger but share similar interests. Book @ Rs4999 https://goo.gl/RUuvdW Call: 7291972815
spam,"Be the next Vodafone SUPERFAN, watch world class badminton matches live in action and get the signed shuttle at the end of the match! SMS ""SUPERFAN <City Name>"" to 199. T&C apply"
spam,LAST DAY for Lenskart Steal Deal! Exchange your old specs & get 50% cashback on your next purchase. Click Lenskart.com/eye or Find nearby store lenskart.com/s
spam,"Dear Customer, do the most number of transactions using 'Scan to Pay' on iMobile app and get rewarded. Details at goo.gl/SvenfR . T&C apply."
spam,"Dear Customer, opening PPF/NPS account is now faster, easier & paperless with Internet Banking or iMobile app. Login at goo.gl/3Zf4ru . T&C apply."
spam,"CONGRATS!YOUR MOBILE NUMBER HAVE WON 1.70CRORE ON SAMSUNG GALAXY PRIZE UK,FOR CLAIM SEND YOUR NAME,MOBILE NO,ADDRESS,SEX,AGE TO EMAIL:samprize189@gmail.com"
ham,Payment Recieved. Your Reciept No:1323237 and bank Ref No:CPC1182928
spam,"Congratulations! You have received 8 MyJio Vouchers and a coupon each of AJio, Reliance Trends and Yatra. You will be able to redeem these vouchers & coupons post 20th Nov, 2017. T&C Apply."
spam,"Dear Customer, 870723 is your one time password (OTP). Please enter the OTP to proceed. Thank you, Team Jio"
spam,Welcome to Jio-UP & Uttarakhand. Enjoy Free Incoming calls and Outgoing calls anywhere in India while roaming. 4G Data & SMS benefits will be as per your plan.
spam,Welcome to Jio-UP. Enjoy Free Incoming calls and Outgoing calls anywhere in India while roaming. 4G Data & SMS benefits will be as per your plan.
spam,"Kotak introduces 811 - an instant savings account. Get Zero Balance Banking, interest up to 6%* p.a. http://kotk.in/4R28kg *T&C apply."
spam,Use 339097 as your login code for Tinder. (Account Kit by Facebook)
spam,"Dear Customer, Open iWish flexible RD and get Amazon voucher worth Rs. 100, Top 100 customers daily to win vouchers. Details at goo.gl/MxQS9T . T&C."
spam,"Hi, UNBELIEVABLE instant approval Credit Card offers! Explore now. bankbzr.com/d/KraQST/7c3c TnC apply"
spam,"Dear Customer, now buy Google Play Recharge Code through iMobile app or Internet Banking! Redeem the code on Play Store & get an e-book worth Rs. 700. Offer valid till 7-Dec-2017. Details at goo.gl/b97jm9 . T&C apply."
spam,Advance Booking open for BE/BTech Admission in Thapar/DCE/DA-IICT/JP/YMCA/SRM/VIT & NIT's Under NRI/MGMT Quota for 2018 Batch.Hurry Up Limited Seats-9211103344
spam,"It's a great news! now we are starting crash courses for A/C's,ENG,B.ST,IP &ECO(fee 6500/sub) from tomorrow in PITAMPURA (FD-6,2nd Floor,Near Pitampura Metro Stn) 2) D-12/25-26,SEC-8. 3) D-15/27-28,SEC-3 ROHINI.CALL 8447841933 V-STUDY"
spam,"It's a great news! now we are starting crash courses for A/C's,ENG,B.ST,IP &ECO(fee 6500/sub) in PITAMPURA, SEC-8.& SEC-3 ROHINI.CALL 8447841933 V-STUDY"
spam,"Join CRASH COURSE for A/c's,ENG,B.ST,IP &ECO. Batches starting today at D-15/27-28,SEC-3 NEAR AYODHYA CHOWK,ROHINI.& FD-6,PITAMPURA. CALL 8447841933 V-STUDY"
ham,Aaj ho rhi hai pdai
ham,Acchi wali
spam,Lenskart celebrates 32 Optical Stores in Delhi NCR! Get 2 High Quality Specs with Anti-Glare Lenses for Rs 2500 Only. Locate your Nearest Store: lenskart.com/s
spam,"Lenskart's Bestselling AIR Collection: Light Weight,Flexible,Sporty. 2 Specs for Rs. 2500 (With Lenses) on w.lenskart.com/jyqn |Store: lenskart.com/s"
spam,Just invited you to Hike. Join in 24 hours and get Rs. 51 for free in your Wallet. I will get Rs. 51 too. Download Now http://go-hike.in/a/Aor3IRVg
ham,yadavayushmaan08@gmail.com Bhej do ppt
spam,"FREE DENTAL CHECKUP & X-Ray from MY FAMILY DENTIST. Get Full Mouth Scaling at Rs 499. Also, avail 0% EMI on all treatments for appointment Call on 01165025000."
spam,Just invited you to Hike. Join in 24 hours and get Rs. 51 for free in your Wallet. I will get Rs. 51 too. Download Now http://go-hike.in/a/oBfM2L4T
spam,PIZZA HUT 50% off Don't Cook Wednesday! Get 50% off on Medium Pan Pizzas in-store/2 for delivery! Walk-in/Call 011 3988 3988 /Online https://goo.gl/DhYZOI
spam,"Get UNLIMITED Pan Pizzas, Garlic Bread@Rs. 249 only, & PIZZA HUT Fridays, All day! https://goo.gl/dFKaU9 Valid in all Dine In & select Delivery stores TnC"
spam,"Hey! I am loving all new Hike. It has awesome stickers, option to hide chats and a lot more. Try it out (http://get.hike.in/ufzoD0:s)"
spam,"Spl BCom classes by renowned faculties Tax- Vipin verma Accounts, Eco- Rakesh Chaudhry Cost & FM- Ajay Singh Maths & Stats-Kishan Singh Pitampura 9811682345"
spam,Pls reach me on this email (mrchrisc1@outlook.com) immediately. it is a matter of urgency.
spam,Pls reach me on this email (mrchrisc1@outlook.com) immediately. it is a matter of urgency.
spam,Pest Control Winter Offer - Make your Home PEST free with Expert Pest Control Services & Avail Flat Rs.1000 OFF. For details. sms PEST to 56161
spam,Thank You for being part of Jio Family - Stay connected on the largest and strongest 4G network of India which gives you high speed internet services and unlimited calls even while ROAMING. Recharge renewal date of your Jio number 8178390589 is approaching. Click http://jio.com/r/Qd492oRX to recharge now.
spam,"Your plan for Jio no. 8178390589 expires TODAY. Services will be STOPPED if not recharged. To recharge, click http://jio.com/r/HVOsuHKQ or visit your nearest Jio retailer."
spam,"Join CRASH COURSE for ENG,B.ST,IP &ECO.After excellent response 3rd batch starting tomorrow at D-12/25-26,SEC-8 &D-15/27-28,SEC-3 ROHINI.CALL 8447841933 V-STUDY"
spam,"Pearl Academy invites you to the launch of School of Media at the Times Literature Fest. Come and witness industry experts like Sagarika Ghose, speak about careers in media and communication on 25th November?â‚¬?17 at Silver oak lawns IHC. For more information visit: http://bit.ly/2B7MFga or call 8860112207"
spam,"Main tests,15 live classes,35 Video lectures,Tips to prepare,Doubt resolution,Offline revision & more.Visit?www.vlyop.com. Call 8588800740 for queries."
spam,PERSONAL LOAN AT LOWEST RATE WITH NO PRE-CLOSE CHARGE WITH PART PAYNT SALARY MIN 22000/- offer START 25000+ 10.99 t&c aply FOR SALARIED - CALL - 9811768366
spam,"Looking to get a great Score & Rank in JEEMain'18? Subscribe to Revision course for JEEMain Math by Manmohan bhaiya, Founder-Vidyamandir Classes. 50 JEE "
spam,"SPOT ADMISSIONS FOR FORENSIC SCIENCE, Cardiac Care,Perfusion, Renal Dialysis,BASLP, B.tech Cyber Forensic, Fire & Safety Engg; Marine Engg: Call-8138915268."
spam,"CBSE Private Exam 2018, Forms are starting for Class 10th & 12th Fail, Re Compartment, Improvement & Additional Subject. ASIAN ACADEMY 8826505536, 9871799431"
spam,"If you receive offer of lottery winnings or cheap funds from RBI/government body, complain on https://sachet.rbi.org.in/Complaints/Add"
spam,Gokul sent you a Blue Packet which expires in 59 mins. Get on Hike and claim it now to get money. http://get.hike.in
spam,"CBSE Private Exam 2018, Forms are starting for Class 10th & 12th Fail, Re Compartment, Improvement & Additional Subject. ASIAN ACADEMY 8826505536, 9871799431"
spam,"Dear Customer, use Jpmorgan Lombard Insurance Plans with ICICI Bank in order to protect your health and receive the tax benefit under u/s 80D*. T&C: UIN4718; more at bit.ly/2AVOzQR."
spam,FlashTech brings you the hottest deal of the season! Get your hands on our sleek new pocket gadgetâ€”perfect for on-the-go entertainment. Find it at a kiosk nearby. Supplies are vanishing fast! Check here: http://flashdeals.co/offerX92
spam,Get rewarded for just unlocking your phone! BlinkChain is offering up to â‚¹500 in digital tokens daily. No downloads needed. Just tap & earn. Grab your spot now: http://blinkbonus.net/reward2025
spam,"Youâ€™ve been selected to claim â‚¹1000 in shopping credits, confirm now at http://giftcrate.in/claim234"
spam,"Your mobile number just unlocked a surprise travel voucher, check eligibility here: http://traveltrove.net/wintrip"
spam,"Claim your digital scratch card worth â‚¹2000 now, limited time only: http://fastwinz.org/carddrop"
spam,"Airtime top-up of â‚¹300 pending for your number, confirm details at: http://talkcred.net/topupfast"
spam,"Refer one friend and get â‚¹150 instantly, no app required: http://instantcashy.net/frienddrop"
spam,"Your wallet has been pre-approved for 0.02 BTC, activate access here: http://cryptoclaimz.org/unlock"
spam,"Early access to new token launch with 5x returns, whitelist now: http://tokenstorm.io/earlybird"
spam,"Get free XRP for testing our platform, no purchase needed: http://rippletestnet.org/trynow"
spam,"FINAL NOTICE: Your Solana drop is about to expire, grab it instantly: http://soldropzone.com/claimfast"
spam,"FREE XRP GIVEAWAY: No strings, no ID, just claim your coins now: http://rippletestnet.org/trynow"
spam,"Congratulations! Youâ€™ve been handpicked to receive a brand-new smartwatch worth â‚¹2999 for just â‚¹99â€”only for users in your area, claim it before stocks vanish: http://gadgetstealz.net/flashsale"
spam,"Your number has been shortlisted for a surprise Bluetooth speaker giveawayâ€”just pay â‚¹1 shipping and itâ€™s yours, no hidden charges, no registration required: http://claimtechgift.in/speakerdrop"
spam,"Breaking deal: Original high-speed charger worth â‚¹999 now available for â‚¹79 only, deal closes after 500 redemptions, hurry and confirm your order here: http://quickgadget.in/dealrush"
spam,Youâ€™re pre-approved for a limited-time smartband delivery at â‚¹1 onlyâ€”complete your shipping confirmation in 60 seconds to qualify: http://smartrackme.net/shipnow
spam,"Itâ€™s not a jokeâ€”get the new Realme smartphone for just â‚¹399 in our clearance promo, valid only for early responders, check if youâ€™re eligible: http://realmeblast.in/catchit"
spam,Final alert: Your order for a free tech item couldnâ€™t be delivered due to incomplete detailsâ€”click now to confirm before itâ€™s cancelled permanently: http://gadgetconfirm.org/resolve
spam,"Youâ€™ve unlocked access to our secret Europe tour giveawayâ€”7 countries, 10 days, â‚¹0 base cost, click to verify travel details: http://eurotripunlock.in/startnow"
spam,"LUCKY ENTRY: Book a 2N/3D Manali escape with premium stay and sightseeing for â‚¹199, only available for mobile users, ends tonight: http://manalideals.co/instanttrip"
spam,"Donâ€™t miss outâ€”exclusive train and hotel package for Shimla at â‚¹99 available to early responders, book instantly before it vanishes: http://himalayaescape.com/limitedseat"
spam,"Reward confirmed: Your â‚¹15,000 travel credit is ready to use on any international flight, valid only for next 4 hours: http://globepass.in/redeem"
spam,"ALERT: Youâ€™ve been shortlisted for an all-inclusive Goa vacation worth â‚¹45,000 for â‚¹499, confirm details before this exclusive deal expires: http://goagetaway.in/claimnow"
spam,"Your mobile number was selected for a luxury 3-day Maldives trip for twoâ€”flights, hotel, and meals included, just pay a â‚¹299 booking fee today only: http://tripmagicx.in/bookmaldives"
spam,"Your PAN is pre-approved for an instant personal loan up to â‚¹5,00,000 at 0.99% interest, no documents needed, confirm within 2 hours: http://fastloanpro.in/claimnow"
spam,"Get â‚¹2,00,000 transferred to your account in 5 minutes, no credit check, no salary slipâ€”only limited daily approvals left: http://ezcashy.org/instantok"
spam,"FINAL REMINDER: Your KYC is already verified for an emergency loan disbursal, just verify UPI and receive funds instantly: http://verifiedloan.net/getfunds"
spam,"Low CIBIL? No problem. Avail up to â‚¹3,50,000 in cash loan without any paperwork or bank visit, offer expires soon: http://nocibilcheck.co/applynw"
spam,"Youâ€™ve been selected for a zero-collateral home loan at just 1.25% interestâ€”exclusive for today, confirm your eligibility: http://homeloanxpress.in/eligibility"
spam,"ALERT: Loan amount of â‚¹1,75,000 is on hold for your mobile number, release now by confirming Aadhaar: http://loanreleasehub.com/verifyaadhaar"
spam,"Get business loan approval in 60 seconds, no registration fees or office visit requiredâ€”apply using just mobile number: http://bizboostfunds.org/quickapply"
spam,"Your phone number qualifies for an instant â‚¹25,000 top-up loan credited via UPIâ€”verify your bank ID now: http://topupcredit.co/getcash"
spam,"Don't miss this: Loan approved with zero EMI for the first 3 months, transfer amount today without any upfront charge: http://relaxloan.in/firstfree"
spam,"URGENT: Last call to confirm your â‚¹4,00,000 instant cash loanâ€”minimal KYC required, transfer within minutes: http://quickfundzone.com/confirmnow"
spam,Your antivirus subscription has expired and your system is unprotectedâ€”renew immediately to prevent unauthorized access: http://renewguard.in/safelink
spam,Tech support urgently needs access to resolve system errors reported from your IPâ€”failure to act may affect device performance: http://fixmypcfast.in/actionnow
spam,Your antivirus subscription has expired and your system is unprotectedâ€”renew immediately to prevent unauthorized access: http://renewguard.in/safelink
spam,"Congratulations! You've been shortlisted for a high-paying work-from-home role earning â‚¹4,000/dayâ€”no interview, join instantly: http://quickhirejobs.in/applynow"
spam,"HIRING NOW: Amazon is offering part-time remote roles with weekly payouts, limited slots leftâ€”confirm your spot today: http://amzoncareerhub.org/register"
spam,"Your profile has been selected for a government data entry job at â‚¹35,000/monthâ€”document verification closes tonight: http://govjobfast.net/verifyid"
spam,"FINAL CALL: Earn â‚¹25,000/week working 2 hours a day, no skills neededâ€”immediate joining, apply here: http://dailycashjobs.com/instantstart"
spam,Your resume was picked for a foreign job placement with free visa and flight ticketsâ€”secure your position now: http://globaljoboffer.co/gethired
spam,"URGENT: Flipkart warehouse hiring 500+ candidates with â‚¹50,000 joining bonusâ€”no experience needed: http://flipkartrecruit.net/bonusentry"
spam,"Home-based typing jobs available with â‚¹2000 daily income, registration closing soonâ€”book your seat now: http://typeearnings.org/enrollfast"
spam,"Exclusive opening for Google Indiaâ€”monthly salary up to â‚¹90,000, only 120 applicants allowed: http://googleworkhub.in/securepost"
spam,"Interview skipped: You're directly approved for a customer support role, work from phone, instant joining: http://supporthiringx.net/startjob"
spam,"Mega Hiring: 500 urgent openings for online chat agents, flexible hours, same-day salaryâ€”sign up now: http://chatjobquick.in/applynw"
spam,"ALERT: Youâ€™ve earned â‚¹2,000 cashback from your last transactionâ€”verify account details within 30 mins to receive instantly: http://instantcashbackz.net/claimnow"
spam,"Congratulations! Your mobile number has won â‚¹1,500 guaranteed Paytm cashbackâ€”redeem before 6 PM today: http://paybonanza.org/cashdrop"
spam,"Get flat â‚¹999 cashback credited directly to your UPI, no purchase neededâ€”verify now before offer expires: http://freekwikpay.co/unlocknow"
spam,"Final reminder: Your â‚¹3,000 cashback coupon is active but unclaimed, complete phone verification here: http://bonuswalletx.in/claimoffer"
spam,"Big News! Youâ€™re eligible for 100% cashback on any recharge, offer valid for first 500 redemptions only: http://rechargeback.co/100return"
spam,Your previous payment qualifies for â‚¹850 surprise cashbackâ€”click now to confirm and receive in wallet: http://rewardfastpay.net/confirm
spam,"Exclusive cashback deal: Get â‚¹2500 instantly by linking your UPI to our partner siteâ€”hurry, last few spots left: http://linkbonuspay.com/getcash"
spam,Thank you for being a loyal user! Enjoy â‚¹3000 cashback as part of our 2025 promoâ€”complete your mobile KYC here: http://loyaltybonus.org/kycclaim
spam,URGENT: Your UPI ID has been flagged for suspicious transactionsâ€”failure to verify within 30 minutes may result in account suspension: http://secureupihelp.in/verifynow
spam,"FINAL WARNING: Your UPI account is temporarily frozen due to irregular login activity, reactivate instantly by completing the security check: http://upiunlockportal.org/securelink"
spam,"ALERT: You received â‚¹9,500 from an unknown sourceâ€”claim refund authorization or face legal action: http://refundupi.in/verifyclaim"
spam,"Dear user, your mobile number is linked to an inactive UPI requestâ€”complete eKYC now to avoid permanent lock: http://ekycportalfast.in/reactivate"
spam,Your UPI access is restricted under RBI compliance updateâ€”submit Aadhaar-linked verification to restore full services: http://rbireverifynow.net/checkstatus
spam,"IMPORTANT: UPI transaction worth â‚¹12,000 has failed due to outdated KYC, confirm details immediately to prevent reversal: http://kycupiupdate.in/fixnow"
spam,Weâ€™ve noticed unauthorized access to your UPI walletâ€”click here to report fraud and reset your security PIN: http://upisafeguard.org/reportfraud
spam,URGENT: Your UPI ID has been flagged for suspicious activity and may be suspended within 30 minutes unless verified through the official support process.
spam,"Dear user, your mobile number is linked to a UPI ID pending eKYC verificationâ€”complete the process now to avoid permanent deactivation."
spam,Your UPI account has been restricted in accordance with updated RBI guidelines; Aadhaar-linked verification is mandatory for reactivation.
spam,"IMPORTANT: A UPI transaction of â‚¹12,000 was declined due to outdated KYC recordsâ€”please update immediately to prevent future failures."
spam,We have detected unauthorized login attempts on your UPI account from a different device; report this activity and reset your PIN at the earliest.
spam,Your UPI handle is under review due to non-compliance with verified ID norms; verification is needed to avoid blacklisting by central servers.
spam,"Transaction Alert: â‚¹8,750 has been deducted from your wallet in an unknown transaction; immediate action is required to prevent further loss"
spam,"FINAL CALL: Due to unresolved discrepancies in your UPI profile, your wallet is now inactiveâ€”biometric verification must be completed to avoid permanent suspension."
spam,"Congratulations! Your mobile number has won â‚¹25,00,000 in the 2025 National Lucky Drawâ€”please provide your full name and ID proof to claim your winnings."
spam,"Youâ€™ve been selected as the grand prize winner in our annual festival lotteryâ€”â‚¹50,00,000 cash reward pending verification, respond within 24 hours."
spam,"This is to inform you that your WhatsApp number has been chosen for the Mega Reward Scheme; you are entitled to â‚¹10,00,000 and a new SUV."
spam,"FINAL NOTIFICATION: Your name appeared in the Reserve Bank-verified Diwali Lottery Listâ€”immediate KYC submission required to release â‚¹15,00,000."
spam,"You are one of the 5 lucky individuals chosen in the All India Promo Draw 2025â€”your prize of â‚¹30,00,000 is on hold pending confirmation."
spam,"Dear user, youâ€™ve been awarded â‚¹12,50,000 as part of Googleâ€™s Global Reward Program 2025â€”claim process must begin within 2 hours to remain valid."
spam,"Airtel Lucky Draw Winner Alert: Your mobile number has won â‚¹7,00,000â€”register your details with the claims officer before the window closes."
spam,"As part of the Reliance New Year Giveaway, you are eligible for â‚¹20,00,000 cash and a Honda City carâ€”final call to submit bank details for release."
spam,"You have won the 2025 WhatsApp User Bonus of â‚¹5,00,000â€”only verified accounts will receive disbursement, confirm ID now."
spam,"Dear customer, your SIM card is attached to a winning coupon worth â‚¹18,00,000 in the National Telecom Drawâ€”failure to respond will result in forfeiture."
spam,"Dear policyholder, you are eligible for an unclaimed insurance refund of â‚¹42,750 under IRDAI settlement schemeâ€”complete beneficiary verification within 24 hours."
spam,"This is to inform you that â‚¹58,000 from your matured life insurance has been approved for refundâ€”submit your Aadhaar and PAN to initiate transfer."
spam,"As per the new Insurance Relief Act 2025, your old policy qualifies for a cash refund of â‚¹35,200â€”contact the refund processing team immediately."
spam,"You have been identified for a health insurance premium reimbursement of â‚¹19,875 due to regulatory adjustmentsâ€”claim must be filed today."
spam,"Important: Your 2017 policy was closed with a remaining balance of â‚¹67,500â€”refund processing pending KYC verification, respond urgently."
spam,"IRDAI has announced automatic refund for expired policies; you are eligible to receive â‚¹48,000â€”only registered claimants will be processed."
spam,This is the last call to receive your eligible refund under the Insurance Miscalculation Settlement Programâ€”delays beyond 6 PM will void the process
spam,"Due to new circulars by the Insurance Department, a refund of â‚¹22,000 is available on your canceled policyâ€”complete the mobile verification step now to confirm."
spam,"Immediate action required: Your identity has been reported in a cybercrime case, and law enforcement will be notified unless you verify your credentials within the hour."
spam,Your bank account has been flagged for money laundering activityâ€”failure to cooperate with this investigation may result in permanent closure and legal consequences.
spam,"Immediate action required: Your identity has been reported in a cybercrime case, and law enforcement will be notified unless you verify your credentials within the hour."
spam,This is your final warningâ€”unauthorized access from your account was detected overseas; non-response will be considered an admission of fraud.
spam,We have locked your digital wallet due to multiple failed login attempts from unknown devicesâ€”reactivate now or risk permanent data loss.
spam,"Your name is linked to a flagged transaction involving high-value assets; if you do not respond with full verification, your account will be seized."
spam,"A legal notice has been issued regarding unpaid dues under your nameâ€”if you ignore this message, formal proceedings will be initiated against you."
spam,You have been accused of financial misconduct using your registered numberâ€”cooperate with the digital investigation team immediately to avoid blacklisting.
spam,Your cloud data is at risk of deletion due to policy violationsâ€”failure to validate your account now will result in irreversible data wipeout.
spam,"Due to a violation of our terms of service, your access to banking services has been restrictedâ€”resolve this matter or face account suspension."
spam,"We have received a legal complaint involving your user IDâ€”if you fail to respond today, you will be permanently banned from all services under your name."
spam,You are under investigation by the Income Tax Department for undisclosed incomeâ€”failure to respond today may lead to property seizure and arrest.
spam,"Final notice: A tax discrepancy has been found in your PAN records, and a legal summons will be issued if your case isnâ€™t cleared within 24 hours."
spam,Your income tax refund has been withheld due to suspicious activityâ€”verify your financial records now or face audit penalties.
spam,The Central Tax Office has flagged your financial history for irregular returnsâ€”respond immediately to avoid a freeze on all accounts.
spam,You have been reported for intentional tax evasion in the previous financial yearâ€”non-compliance will result in legal enforcement.
spam,Immediate action required: A warrant is ready to be issued under your name for failure to settle outstanding tax liabilities.
spam,Your PAN has been blacklisted due to mismatched TDS claimsâ€”failure to cooperate may lead to a permanent ban on financial services.
spam,You are liable for late filing penalties and interest as per Section 234Fâ€”clear your pending dues now to avoid legal proceedings.
spam,An undisclosed transaction of high value is linked to your accountâ€”submit full income proof to avoid tax fraud prosecution.
spam,The IT Department has received a formal complaint of falsified returns under your identityâ€”non-response will be considered admission of guilt.
spam,A subsidy issued in your name has been flagged for duplicationâ€”failure to clarify within 24 hours will result in blacklisting from all future government assistance.
spam,You are no longer eligible for the national subsidy scheme due to missing verificationâ€”your future benefits will be permanently revoked unless resolved today.
spam,Your Aadhaar-linked subsidy is on hold pending investigation into fraudulent claimsâ€”non-response will lead to recovery actions under Section 420.
spam,Final alert: A financial review has disqualified you from the housing benefit programâ€”respond immediately or face legal disqualification from future welfare.
spam,An unpaid adjustment in your subsidy account has triggered a suspensionâ€”complete verification or face benefit recovery along with penalties.
spam,The Agriculture Support Fund has marked your application for audit due to irregular inputsâ€”submit land and income proof before case escalation.
spam,Your name appears in a flagged list of recipients for misused rural employment subsidiesâ€”respond today or face government action and repayment demand.
spam,The Education Grant Committee has identified forged documents in your past applicationâ€”non-cooperation will lead to a ban and investigation.
spam,A subsidy deposited to your account has been reported as unclaimed or misusedâ€”further inaction will result in recovery with interest.
spam,You have received excess benefits from a discontinued health subsidy schemeâ€”prepare for full repayment or face recovery through legal notice.
spam,URGENT: You have been marked as ineligible for further pension support after an audit revealed discrepanciesâ€”failure to reply may lead to a full recovery of funds.
spam,Your social welfare benefits have been frozen due to suspected misuse of government-issued identificationâ€”respond with updated documentation to avoid criminal charges.
spam,The Department of Social Services has flagged your application for fraudulent dependency claimsâ€”immediate action required to avoid permanent blacklisting.
spam,Your welfare payments are under review due to possible identity tamperingâ€”submit full verification or lose all current and future entitlements.
spam,Urgent! Your benefits are at risk due to suspected identity issues. Verify now to avoid losing all entitlements. Call 08001234567 immediately.
spam,Action required: Your welfare payments are under review. Confirm your identity ASAP to retain benefits. Call 08717777777 now.
spam,Immediate attention needed! Verify your identity now to keep your welfare payments intact. Failure to act may result in loss of benefits.
spam,Warning! Possible identity tampering detected on your account. Submit verification now or risk losing current/future benefits.
spam,Your benefits have been flagged for review. Act now to submit verification or lose all entitlements. Call 08001122334.
spam,"Due to potential identity fraud, your welfare payments are suspended until verification is completed. Call 09056789012 to verify."
spam,mportant! Your social services are under review. Submit full verification or risk losing all current payments. Call 08000442233.
spam,Identity verification required immediately to continue receiving welfare. Failure to act will result in loss of all benefits. Call 08714567890.
spam,Urgent! Your welfare is under investigation. Call 08713332211 to verify your identity and avoid payment interruption.
spam,Alert: Your benefits are at risk! Submit your full verification details ASAP to prevent loss of entitlements. Call 08001122355.
spam,Free upgrade available! Double your data and minutes for 6 months. Call 08000860012 to activate now!
spam,Limited-time offer: Get a free Bluetooth headset when you upgrade your phone. Call 08000420099 today!
spam,Get FREE minutes and data for 6 months + a free gift! Call 08000120011 to claim now.
spam,Upgrade now and get double data plus a FREE wireless speaker. Call 08000700733 to claim!
spam,Unlock bonus talk time and data plus free gear with your upgrade! Call 08000987777 today.
spam,Congratulations! Youâ€™ve won Â£5000! Call 09056888322 now to claim your prize.
spam,Youâ€™re a winner! Claim your Â£250 voucher by calling 09065123456. Ts&Cs apply.
spam,Youâ€™ve been selected for a luxury holiday! Dial 09056667788 now to claim.
spam,Huge prize draw! Youâ€™ve won Â£1000! Call 09056223344 to confirm.
spam,Your entry has won a free vacation! Call 09053322111 to claim your prize.
spam,Youâ€™ve got a friend request from megz_xoxo (22/F). Reply YES-123 or NO-123 to accept
spam,4 new messages from curious_miss (24/F) waiting for you! Reply YES-544 or NO-544.
spam,Ready to chat? emily_xoxo (20/F) wants to be friends! Reply YES-999 or NO-999.
spam,katie_rose (19/F) just liked your profile. Reply YES-111 to talk!
spam,Your account has been flagged for suspicious activity. Call 08002223344 now to secure your funds.
spam,Your bank account has been compromised. Call 08714236590 to verify your details.
spam,Urgent! Your payment is due. Call 09050123456 to settle now and avoid penalties.
spam,"Your account is locked! To unlock it, call 08718900012 immediately."
spam,Emergency! A suspicious transaction was detected. Call 09057778899 to resolve.
spam,Your identity needs to be verified to continue receiving benefits. Call 08716665432 now.
spam,"Due to possible identity fraud, verify your details immediately to avoid disruption in services. Call 08000771122."
spam,Your identity verification is pending. Call 08710020012 now to complete it.
spam,Alert! Your profile is under review for identity tampering. Confirm your details now or risk losing your account.
spam,Suspicious activity on your account. Call 08712223311 to verify your identity.
spam,Your welfare payments are being reviewed. Call 09056789001 to confirm your details and avoid disruption.
spam,Your government benefits are under review due to possible fraud. Call 08714224455 now to verify your identity.
spam,Final notice: Your welfare payments are frozen until verification is completed. Call 09051122334 now to verify.
spam,"Important: Due to a review of your identity, you need to verify immediately to avoid losing your benefits. Call 08000887766."
spam,Urgent action required: Confirm your identity now to maintain eligibility for government assistance. Call 08713334422.
spam,Double your data + minutes for 6 months free! Call 08002223333 to activate now.
spam,pgrade today and get FREE Bluetooth headphones with selected phones! Call 08000778899.
spam,"Get 6 months of bonus talk & text, plus a free wireless speaker! Call 08000112233 to claim!"
spam,Upgrade now for 2x the minutes and free accessories ðŸŽ§ Call 08000447777 for more info.
spam,Claim double your usage and a free gadget on selected phones! Call 08000330044 today.
spam,Congrats! Youâ€™ve won a Â£1000 shopping voucher. Call 09050778899 to claim!
spam,Youâ€™ve been picked for a Â£5000 reward! Call 09054433221 now to receive your prize.
spam,Lucky winner! Youâ€™ve won an all-expenses-paid vacation! Call 09050001122.
spam,Congratulations! A surprise prize is waiting for you. Call 09056789001 to claim now.
spam,Youâ€™ve won a Â£2000 cash prize! Call 09066678899 now to confirm your winnings.
spam,A new message from jenny_21 (22/F). Reply YES-211 or NO-211 to chat.
spam,Fraud alert: Your account has been compromised. Call 08714567890 now to secure your account.
spam,lot singles near you want to chat! Reply YES-555 or NO-555 to connect now.
spam,mportant: Your credit card payment failed. Call 09054422011 to resolve immediately.
spam, A new friend request from sarah_27 (23/F). Reply YES-100 or NO-100.
spam,Suspicious transaction detected on your account. Call 09051234456 now.
spam, You have 2 unread messages! Reply YES-678 or NO-678 to read them.
spam,Urgent! Your bank account is frozen. Call 08710022334 to restore access.
spam, Get in touch with a local girl! Reply YES-123 or NO-123 to connect.
spam,Immediate action required! Your bank account is locked. Call 09050005678 now to verify.
spam,Your identity has been flagged for review. Call 08005554433 to verify your details.
spam,Identity fraud detected on your account! Call 08713332100 to confirm your identity now.
spam,Urgent: Verify your identity to keep your account active. Call 08001122334 now.
spam,You need to confirm your identity to avoid losing access to services. Call 08717779900 now.
spam,Verification pending! Confirm your details within 24 hours to avoid account suspension.
spam,Your welfare benefits are under review. Call 08712223344 now to confirm your details.
spam,"Due to identity verification issues, your welfare payments are on hold. Call 09050022000 to verify."
spam,Urgent: Your government payments are frozen! Call 08717788999 to resolve.
spam,Important: You need to verify your identity now or risk losing welfare payments. Call 08714443322.
spam,Urgent action required! Confirm your identity within 24 hours or lose all entitlements. Call 09053312211.
spam,Youâ€™ve won a free 3-month trial! Call 08000099999 now to claim your free subscription.
spam,Confirm your free subscription for 6 months today! Call 08713345678 to start.
spam,Unwanted charges detected! Call 09054422112 now to cancel your subscription.
spam,Free trial offer expired! Call 08711122334 to cancel recurring charges.
spam,Subscription alert: Youâ€™ve been enrolled in a premium plan! Call 09052222000 to cancel.
spam,Youâ€™ve got 3 unread voice messages! Call 08714422111 now to check them.
spam,You missed an important message. Call 09050022333 to retrieve it now.
spam,Youâ€™ve got 1 urgent voicemail. Call 08715558888 to retrieve it immediately.
spam,Missed alerts: Call 08714455666 to get your voicemail now.
spam,New voicemail waiting! Call 09053366777 now to listen.
spam,Your online account is under review. Call 08000987777 now to verify your details.
spam,Final warning! You need to verify your account now. Call 08713334422.
spam,Your account has been temporarily suspended. Call 08001122334 now to reactivate.
spam,Your online account is at risk! Call 08717778899 to secure it.
spam,Your online services will be disabled unless you verify your details. Call 08000990000.
spam,A package is waiting for you! Call 08001112233 to schedule delivery now.
spam,Delivery issue: Your parcel is on hold! Call 08713324555 to resolve now.
spam,A delivery attempt failed! Call 09054433221 to reschedule.
spam,Urgent delivery update! Your parcel cannot be delivered until you call 08712223399.
spam,Your order is awaiting confirmation. Call 08715554422 to confirm shipping.
spam,Congrats! Youâ€™ve won a Â£5000 shopping voucher! Call 09050023344 now to claim your prize. Charges apply.
spam,Your mobile services are scheduled for termination due to expired KYC; failure to update within 24 hours will lead to complete deactivation.
spam,Final warning: Your account is flagged for incomplete KYC detailsâ€”services will be permanently blocked if no action is taken today.
spam,"As per RBI guidelines, your digital wallet will be suspended unless your Aadhaar-linked KYC is updated before midnight."
spam,KYC validation pending for your payment appâ€”transactions will be disabled if not completed within the next 3 hours.
spam,Your bank account is under compliance review for outdated KYC recordsâ€”non-submission will result in withdrawal restrictions.
spam,"Due to government policy updates, KYC re-verification is now mandatory to continue using mobile banking."
spam,Your mobile number will be blocked from all UPI platforms due to missing KYC updateâ€”immediate action required.
spam,Service disruption alert: Your SIM card and associated digital wallets will be disabled in 12 hours unless KYC is verified.
spam,Important: Your account has been tagged â€œhigh-riskâ€ due to expired KYCâ€”access will be limited until verified.
spam,You are receiving this notification because your KYC expiry alert has been ignoredâ€”final chance to retain account functionality.
spam,Your prepaid account will no longer be recharged post-7 PM today unless KYC documents are re-submitted.
spam,UPI access has been paused due to KYC verification failureâ€”services will resume only after submission of valid ID proof.
spam,Please be informed that continued inaction on your KYC update will result in termination of your wallet and e-payment services.
spam,We have detected that your KYC status is overdueâ€”your bank account is now under restricted mode.
spam,The central KYC registry has marked your file as inactiveâ€”financial services linked to your mobile will be blocked within 2 hours.
spam,"Your KYC revalidation window has expiredâ€”access to balance, transactions, and transfers will be denied."
spam,"Due to non-updated ID proof, your account will be frozen under regulatory protocol unless immediate compliance is provided."
spam,Your mobile-linked wallet is now suspended due to failed KYC verificationâ€”recovery possible only upon authentication.
spam,KYC mismatch detectedâ€”your account may be blacklisted if rectification is not initiated today.
spam,Banking access has been halted temporarily due to failure in periodic KYC complianceâ€”resubmission required for reinstatement.
spam,Final call: Register today to receive free monthly health kits and medicine packages delivered to your home.
spam,"Your family is eligible for the Central Medical Relief Benefitâ€”confirm now to receive up to â‚¹2,000 every month."
spam,"Based on your Aadhaar data, you're pre-approved for a full-body checkup and lifetime health cover at no cost."
spam,"Exclusive offer: Get â‚¹50,000 in free medical support just by enrolling in the Health Safety Scheme 2025."
spam,"Government is offering emergency COVID-19 assistance of â‚¹1,500 per personâ€”limited slots available for approval."
spam,Your household qualifies for free hospitalization coverage under the new Rural Health Guarantee Plan.
spam,You have been selected for free cancer screening and medicine supportâ€”verify identity to activate care package.
spam,Get lifetime immunity benefits and access to 24/7 emergency careâ€”only for verified families this week.
spam,"Under the new Swasth Bharat Yojana, receive â‚¹10,000 in preventive care creditsâ€”register with your mobile today."
spam,Claim free medicines and therapy packages available under the Health Subsidy Relief List.
spam,Your medical UID has been picked for exclusive treatment vouchers and discounted prescriptions.
spam,"Youâ€™ve been selected to win a Â£5000 shopping spree! Call 08712223333 to claim your prize.,"
spam,"Urgent: Your mobile account has been compromised. Call 08712223333 to verify.,"
spam,"Get a Â£1000 shopping voucher today! Call 08712223333 to claim your reward.,"
spam,"Important: Your bank account is under review. Call 08712223333 to secure your funds.,"
spam,"Congratulations! Youâ€™ve won a free holiday. Call 08712223333 to claim your prize.,"
spam,"Final notice: Your account is about to expire. Call 08712223333 to renew.,"
spam,"Call now to claim your Â£1000 shopping voucher! Call 08712223333.,"
spam,"Important: Your account is at risk. Call 08712223333 to verify your details.,"
spam,"Congratulations! Youâ€™ve been selected to receive a free iPhone. Call 08712223333 to claim.,"
ham,"Youâ€™ve won Â£5000! Call 08712223333 to claim your prize.,"
spam,"Get double data for 6 months free! Call 08000839402 to activate.,"
spam,"Your mobile account is under review. Call 08712223333 to resolve the issue.,"
spam,"Final notice: Your account has been flagged for suspicious activity. Call 08712223333.,"
spam,"Congratulations! Youâ€™ve won a Â£1000 gift card. Call 08712223333 to claim.,"
spam,"Youâ€™ve been selected to receive a Â£5000 cash reward! Call 08712223333 to claim.,"
spam,"Important: Your identity verification is required. Call 08712223333 now.,"
spam,"Get a free 30-day trial for premium services! Call 08000839402 to activate.,"
spam,"Congratulations! Youâ€™ve won a Â£2000 shopping voucher. Call 08712223333 to claim.,"
spam,"Final notice: Your account has been suspended. Call 08712223333 to reactivate.,"
spam,"Your benefits are under review. Call 08712223333 to confirm your eligibility.,"
spam,"Call 08712223333 to claim your Â£5000 cash prize.,"
spam,"Important: Your account needs urgent verification. Call 08712223333 now.,"
spam,"Youâ€™ve won a Â£1000 gift card! Call 08712223333 to claim it.,"
ham,"Urgent: Your account is at risk. Call 08712223333 for assistance.,"
ham,"Congratulations! Youâ€™ve won a free iPhone. Call 08712223333 to claim your prize.,"
spam,"Get a Â£2000 shopping voucher today! Call 08712223333 to claim.,"
spam,"Final notice: Your account has been flagged. Call 08712223333 to resolve.,"
spam,"Youâ€™ve been selected to receive a Â£5000 shopping spree! Call 08712223333 to confirm.,"
ham,"Important: Your payment is overdue. Call 08712223333 to settle it.,"
spam,"Call now to claim your Â£2000 shopping voucher! Call 08712223333.,"
spam,"Congratulations! Youâ€™ve been selected for a free vacation. Call 08712223333 to book now.,"
spam,"Get a Â£5000 cash prize now! Call 08712223333 to claim your reward.,"
spam,"Important: Your welfare payments need verification. Call 08712223333 now.,"
spam,"Youâ€™ve won Â£1000! Call 08712223333 to claim your prize.,"
spam,"Call 09052223333 to claim your free iPhone!,"
spam,"Youâ€™ve been selected to receive a Â£5000 cash reward. Call 08712223333 to claim.,"
spam,"Congratulations! Youâ€™ve been selected for a free holiday! Call 08712223333 to book.,"
spam,"Final notice: Your account is about to expire. Call 08712223333 to renew.,"
spam,"Urgent: Your account is locked. Call 08712223333 to unlock it.,"
spam,"Get a Â£2000 shopping voucher! Call 08712223333 to claim.,"
spam,"Your mobile account is under review. Call 08712223333 to verify your details.,"
spam,"Congratulations! Youâ€™ve won Â£5000. Call 08712223333 to claim your reward.,"
spam,"Final notice: Your account needs urgent verification. Call 08712223333.,"
spam,"Call 08712223333 to claim your Â£1000 shopping voucher.,"
spam,"Youâ€™ve been selected for a Â£5000 cash reward. Call 08712223333 to claim.,"
spam,"Important: Your bank account has been locked. Call 08712223333 to unlock it.,"
spam,"Congratulations! Youâ€™ve won a Â£2000 cash prize. Call 08712223333 to claim.,"
spam,"Get double your data for free! Call 08000839402 to activate.,"
spam,"Youâ€™ve been selected to receive a Â£1000 shopping voucher! Call 08712223333 to claim.,"
spam,"Final notice: Your account has been suspended. Call 08712223333 to reactivate.,"
spam,"Urgent: Your mobile plan needs verification. Call 08712223333 now.,"
spam,"Important: Your identity verification is pending. Call 08712223333 to resolve.,"
spam,"Call 09052223334 to claim your Â£1000 cash prize now.,"
spam,"Congratulations! Youâ€™ve won a free vacation. Call 08712223333 to book now.,"
spam,"Get a Â£2000 shopping voucher now! Call 08712223333 to claim.,"
spam,"Urgent: Your account is locked. Call 08712223333 to unlock it.,"
spam,"Your benefits are under review. Call 08712223333 to confirm your details.,"
spam,"Congratulations! Youâ€™ve won Â£5000! Call 08712223333 to claim your prize.,"
spam,"Get a free iPhone now! Call 08712223333 to claim your prize.,"
spam,"Important: Your account is about to expire. Call 08712223333 to renew.,"
spam,"Youâ€™ve been selected to win a Â£1000 gift card! Call 08712223333 to claim.,"
spam,"Final notice: Your account is under review. Call 08712223333 to resolve.,"
spam,"Youâ€™ve won Â£5000! Call 08712223333 to claim your cash prize.,"
spam,"Call 08712223333 now to claim your Â£1000 gift card.,"
spam,"Youâ€™ve been selected for a free vacation! Call 08712223333 to book your stay.,"
spam,"Congratulations! Youâ€™ve won a Â£2000 gift card. Call 08712223333 to claim.,"
spam,"Important: Your bank account needs verification. Call 08712223333 to verify.,"
spam,"Final notice: Your account is about to be suspended. Call 08712223333 to reactivate.,"
spam,"Youâ€™ve won a Â£1000 shopping voucher! Call 08712223333 to claim it now.,"
spam,"Get a free Bluetooth headset with your next upgrade. Call 08000839402 to claim.,"
spam,"Urgent: Your account has been locked. Call 08712223333 to unlock it.,"
spam,"Call 08712223333 now to verify your account and avoid suspension.,"
spam,"Youâ€™ve won a Â£2000 gift card! Call 08712223333 to claim your prize.,"
spam,"Congratulations! Youâ€™ve been selected to receive a Â£5000 reward. Call 08712223333.,"
spam,"Important: Your mobile account has been flagged. Call 08712223333 to resolve.,"
spam,"Call 08712223333 to claim your Â£1000 shopping voucher now!,"
spam,"Youâ€™ve been selected to receive a Â£5000 cash reward. Call 08712223333 to claim.,"
spam,"Urgent: Your welfare payments need verification. Call 08712223333 to confirm.,"
spam,"Final notice: Your account is suspended. Call 08712223333 to reactivate.,"
spam,Congratulations! Youâ€™ve been selected for a Â£5000 prize. Call 08712223333 to claim.
spam,"Youâ€™ve been selected for a Â£5000 prize! Call 09052223344 to claim now.,"
spam,"Your subscription is about to expire! Call 08712233445 to renew today.,"
spam,"Fraud alert: Your credit card has been compromised. Call 08710022334 immediately.,"
spam,"Final notice: Your account has been suspended. Call 09051122344 to reactivate.,"
spam,"Your voicemail is waiting! Call 09053366777 to listen.,"
spam,"Upgrade now to double your talk time plus a free wireless speaker! Call 08000889901.,"
spam,"Urgent! Your payment is due. Call 09050005678 to settle now.,"
spam,"Limited offer: Get double your data for 6 months! Call 08000447777.,"
spam,"Congratulations! Youâ€™ve won a Â£2000 shopping voucher. Call 09055511122 to claim.,"
spam,"A message from your local singles group! Call 08714488999 to meet new people.,"
spam,"Your account has been locked due to suspicious activity. Call 08712223399 to unlock it.,"
spam,"Cash prize waiting! Call 08714443311 to collect your Â£1000 reward.,"
spam,"Congratulations, youâ€™ve been selected for a grand prize! Call 09052223344 now to claim.,"
spam,"A new message awaits you! Reply YES-100 to open. Stop to unsubscribe.,"
spam,"Exclusive prize for you! Â£5000 cash. Call 09054423322 to confirm.,"
spam,"Missed call alert: You have 3 missed calls. Call 08715554422 to return the call.,"
spam,"Urgent: Your subscription has been charged. Call 08713334455 to cancel.,"
spam,"Congratulations! Youâ€™ve won a luxury holiday package. Call 09053322111 to book.,"
spam,"Get free talk time & text for 6 months! Call 08000889901 to claim now.,"
spam,"Account review required! Call 08714567890 to complete your verification.,"
spam,"Upgrade now and get double data + a free gadget! Call 08000987777.,"
spam,"Important! Your payment failed. Call 09050022333 to fix it.,"
spam,"Your package is awaiting pickup! Call 08717778899 for details.,"
spam,"Youâ€™ve won a special reward! Call 09056789001 to claim your Â£250 prize.,"
spam,"Your government benefits are at risk! Call 08712223344 to verify your details.,"
spam,"Youâ€™ve been selected for a free gift! Call 09052223344 to claim.,"
spam,"Verification needed! Call 08717778899 to confirm your identity.,"
spam,"Urgent! Your phone plan is under review. Call 08001122334 to confirm.,"
spam,"Fraud detected! Call 09050023333 to secure your account.,"
spam,"Urgent: Your welfare payments are under review. Call 09050012222 now.,"
spam,"Youâ€™ve won an all-expenses-paid vacation! Call 09056789012 to claim.,"
spam,"Free upgrade! Get double data + a wireless speaker. Call 08000447777.,"
spam,"Youâ€™ve won a Â£5000 prize! Call 09056663333 to claim it.,"
spam,"Youâ€™ve won Â£2000! Call 08712223333 to confirm.,"
spam,"You have 2 unread messages. Call 08713322111 to read them.,"
spam,"Congratulations! Youâ€™ve won a shopping spree worth Â£1000! Call 09052223344.,"
spam,"Alert! Your account is at risk. Call 08717778888 to secure it.,"
spam,"Delivery issue: Your parcel is on hold. Call 08714455666 to resolve.,"
spam,"Youâ€™ve won an exclusive prize! Call 09051122334 to claim.,"
spam,"Your reward is waiting! Call 09052223344 to claim your Â£2000 prize.,"
spam,"Your account is under review. Call 08713334444 to verify your identity.,"
spam,"Congratulations! Youâ€™ve won a luxury holiday! Call 09050012345 to book.,"
spam,"A new friend request from sarah_21 (22/F). Reply YES-223 to connect.,"
spam,"Double your talk time! Call 08000987777 for a free upgrade.,"
spam,"Verification required! Call 08710022334 to secure your account.,"
spam,"Youâ€™ve won Â£500! Call 09050023333 to claim your prize.,"
spam,"Your subscription is about to expire! Call 08712223399 to renew.,"
spam,"Congratulations! Youâ€™ve won Â£1000 in our draw! Call 09053322334.,"
spam,"Your package is waiting! Call 08714455599 to arrange delivery.,"
spam,"Youâ€™ve been selected for a Â£250 prize! Call 09052223344 to claim now.,"
spam,"Urgent! Your account needs to be verified. Call 08717778888.,"
spam,"Suspicious transaction detected! Call 08712223344 to secure your account.,"
spam,"A new message from a secret admirer! Call 08713334444 to reply.,"
spam,"Special prize for you! Call 09050023333 to claim your Â£1000 reward.,"
spam,"Your welfare payments are under review. Call 08712223344 now to verify your eligibility.,"
spam,"Call 08714455666 to complete your identity verification and avoid service interruption.,"
spam,"You have a free upgrade waiting! Call 08000889901 to claim.,"
spam,"Verify your details within 24 hours or lose your benefits! Call 08714422111.,"
spam,"Youâ€™ve won a shopping voucher worth Â£500! Call 09053322111 to claim.,"
spam,"Your package is on hold! Call 08717778888 to reschedule delivery.,"
spam,"Urgent: You need to verify your details to receive your prize! Call 09051122334.,"
spam,"Youâ€™ve been selected for a Â£1000 reward! Call 09054423333 to claim.,"
spam,"Final notice: Your account has been suspended. Call 09052223334 to reactivate.,"
spam,"Congratulations! Youâ€™ve won an exclusive luxury holiday! Call 08712223344 to claim.,"
spam,"Get 6 months of free data! Call 08000860012 to activate.,"
spam,"Youâ€™ve been selected for a grand prize! Call 08712223344 to claim your Â£2000 prize.,"
spam,"Verify your details now to avoid account suspension. Call 08712223333.,"
spam,"Youâ€™ve won Â£5000! Call 08714422111 to claim your prize.,"
spam,"Urgent: Your bank account is under review. Call 09050023333 now.,"
spam,"Congratulations! Youâ€™ve won a gift voucher worth Â£1000! Call 09052223333 to claim.,"
spam,"Verify your identity now or risk losing your benefits! Call 08710022334.,"
spam,"Special prize! Call 08712223344 to claim your Â£2000 reward.,"
spam,"Your account is locked! Call 08713334444 to unlock it immediately.,"
spam,"Youâ€™ve won Â£1000 in our exclusive prize draw! Call 09053322111 to claim.,"
spam,"Your package is waiting for you! Call 08717778888 to arrange delivery.,"
spam,"Youâ€™ve been selected for a Â£500 prize! Call 09052223334 to claim.,"
spam,"Important! Your account has been flagged for suspicious activity. Call 08712223333.,"
spam,"Urgent! Confirm your identity to avoid suspension. Call 09052223333 now.,"
spam,Your bank account is at risk! Call 08714422111 to secure it immediately.
spam,"Urgent: You have a new voicemail. Call 08714422111 to listen to it."","
spam,"Congratulations! You've won a Â£1000 cash prize! Call 09050023344 now to claim. Charges apply.,"
spam,"Youâ€™ve been selected for a free Â£500 shopping voucher. Call 09050012233 to claim.,"
spam,"Important: Your account is locked due to suspicious activity. Call 09053322111 to unlock.,"
spam,"Call now to claim your Â£2000 prize! Call 08712223344. Charges may apply.,"
spam,"Youâ€™ve been selected to receive a Â£250 gift card! Call 09052223333 to claim.,"
spam,"Congratulations, youâ€™ve won a free holiday! Call 09051122334 to book.,"
spam,"Final notice: Your subscription has expired. Call 08712223344 to renew.,"
ham,"Get a Â£1000 gift card now! Call 09054423333 to claim your prize.,"
spam,"Youâ€™ve been chosen for a special prize! Call 08713322111 to confirm.,"
spam,"Call 08717778888 now to claim your Â£500 cash prize!,"
spam,"Youâ€™ve been selected to receive a FREE mobile phone! Call 08712223344 to claim.,"
spam,"Urgent: Your credit card has been flagged. Call 09052223334 to verify.,"
spam,"Congratulations! Youâ€™ve won an all-expenses-paid trip. Call 08714422111 to claim.,"
spam,"Exclusive offer: Get free Bluetooth headphones when you upgrade your phone! Call 08000839402.,"
spam,"Special offer! Call now to get 6 months of free data. Call 08000447777 to claim.,"
spam,"You have 5 unread messages. Call 08712223344 to read them.,"
spam,"Your account is under review. Call 08714443311 to verify your details.,"
spam,"Important! Your welfare payments are at risk. Call 08712223333 to confirm.,"
spam,"Youâ€™ve been selected for a Â£5000 shopping voucher! Call 09052223344 to claim.,"
spam,"Call now to claim your Â£1000 reward! Call 08712223333.,"
spam,"Urgent! Your mobile plan needs verification. Call 08712223344 now.,"
ham,"Congratulations! Youâ€™ve won an iPhone! Call 08717778888 to claim.,"
ham,"Final notice! Your account is about to be suspended. Call 08712223333 to reactivate.,"
spam,"Get a Â£2000 shopping voucher! Call 09051122334 to claim your reward.,"
spam,"You have 3 missed calls! Call 08713334444 to return them.,"
spam,"Call 09053322111 now to receive a Â£5000 prize! Charges apply.,"
ham,"Your subscription has been charged! Call 08712223333 to cancel.,"
spam,"Special offer! Call 08714443322 to claim your free smartphone.,"
spam,"Congratulations! You've been selected to receive a Â£1000 gift card. Call 09052223344 to claim.,"
spam,"Your package is on hold! Call 08717778888 to resolve the issue.,"
spam,"Youâ€™ve won a luxury holiday! Call 09053322111 now to book.,"
spam,"Important: Your bank account has been locked. Call 08712223333 for assistance.,"
spam,"Claim your Â£1000 prize now! Call 08714422111 to verify.,"
spam,"Congratulations! Youâ€™ve been selected for a Â£2000 shopping voucher. Call 09054423333 to claim.,"
spam,"Get a free upgrade and 6 months of double talk time! Call 08000889901 to claim.,"
spam,"Urgent: Youâ€™ve been selected to receive a prize worth Â£5000! Call 09053322111.,"
spam,"Your phone plan has been upgraded! Call 08717778888 to confirm.,"
spam,"Youâ€™ve won a free vacation! Call 09052223333 to claim your prize.,"
spam,"Congratulations! Youâ€™ve been selected to receive a Â£1000 cash prize. Call 08714443311.,"
spam,"Your account is under review. Call 08712223333 to verify your information.,"
spam,"Call now to get a Â£2000 gift card! Call 08712223344 to claim.,"
spam,"Special offer: Free Bluetooth headset with your next upgrade. Call 08000839402.,"
spam,"Important: Your payment is overdue! Call 08713334444 to settle now.,"
spam,"Youâ€™ve been selected to win a Â£1000 shopping spree! Call 09052223344.,"
spam,"Claim your free gift now! Call 09050023333 to get a Â£1000 shopping voucher.,"
spam,"Congratulations! You've won Â£5000! Call 08712223333 to claim.,"
spam,"Final notice! Your account is suspended. Call 08714422111 to reactivate.,"
spam,"Your benefits are under review! Call 08713322111 to verify your details.,"
spam,"Get a Â£2000 prize now! Call 09051122334 to claim.,"
spam,"Important! Your mobile account has been flagged. Call 08710022334 to resolve the issue.,"
spam,"Special offer: Call 08712223344 to get free talk time and text for 6 months.,"
spam,"Congratulations! You've won a free iPhone! Call 09052223333 to claim.,"
spam,"Claim your prize worth Â£5000 now! Call 08712223333.,"
spam,"Important! Your account is locked. Call 09050023333 to verify.,"
spam,"Call 08714443322 to claim your Â£1000 reward.,"
spam,"Youâ€™ve been selected to receive a Â£500 shopping voucher. Call 09053322111 to claim.,"
spam,"Call 09052223333 now to claim your Â£1000 cash prize.,"
spam,"You've won a free holiday! Call 08713322111 to book your trip.,"
spam,"Get a Â£1000 voucher! Call 09050023334 to claim.,"
spam,"Special offer: Call 08000839402 to get 6 months of free data.,"
spam,"Your account has been flagged. Call 08712223344 to resolve the issue.,"
spam,"Call 09052223334 now to claim your Â£2000 prize.,"
spam,"Urgent! Your bank account is compromised. Call 08712223333 to secure it.,"
spam,"Congratulations! Youâ€™ve won a Â£1000 shopping voucher. Call 08712223333 to claim.,"
spam,"Important: Your account is suspended. Call 09050023334 to reactivate.,"
spam,"Youâ€™ve won a Â£500 gift card! Call 08714443333 to claim.,"
spam,"Claim your prize now! Call 09052223333 to collect your Â£2000 gift voucher.,"
spam,"Final notice: Your account has been deactivated. Call 08712223344 to restore.,"
spam,"Youâ€™ve been selected for a Â£2000 reward! Call 09053322111 to claim.,"
spam,"Congratulations! You've won a luxury holiday worth Â£5000. Call 08712223333 to book.,"
spam,"Get a free Bluetooth headset with your next phone upgrade! Call 08000889901.,"
spam,"Youâ€™ve been selected to win a Â£1000 shopping voucher! Call 09050023334 to claim.,"
spam,"Urgent! Your mobile subscription needs verification. Call 08714422111 now.,"
spam,"Youâ€™ve won Â£5000! Call 08712223333 to claim your prize.,"
spam,"Get a Â£2000 cash reward! Call 09051122334 to claim.,"
spam,"Call 08714422111 now to claim your Â£1000 gift card.,"
spam,"Youâ€™ve been selected for a Â£500 shopping voucher. Call 08712223333 to claim.,"
spam,"Final notice: Your account is at risk. Call 08717778888 to resolve.,"
spam,"Youâ€™ve won a free mobile phone! Call 09052223333 to claim.,"
spam,"Important! Your subscription is about to expire. Call 08712223333 to renew.,"
spam,"Congratulations! Youâ€™ve won a Â£1000 shopping spree. Call 09052223344 to claim.,"
spam,"You have 3 unread messages! Call 08714422111 to read them.,"
spam,"Get double data for 6 months free! Call 08000889901 to activate.,"
spam,"Your account has been suspended. Call 08714422111 to reactivate.,"
spam,"Urgent: You have been selected for a Â£2000 reward! Call 09050023334.,"
spam,Congratulations! Youâ€™ve been selected to receive a Â£5000 prize. Call 08710022334 to claim.
spam,"You've won a Â£500 voucher! Call 09052223344 to claim now.,"
spam,"Urgent: Your benefits are at risk. Call 08712223333 for more information.,"
spam,"Congratulations! Youâ€™ve been selected for a Â£1000 shopping spree. Call 09053322111 to claim.,"
spam,"Final notice: Your mobile account is locked. Call 08712223333 to unlock.,"
spam,"Congratulations! Youâ€™ve won a luxury vacation. Call 09052223333 to book.,"
spam,"Get a Â£5000 cash reward! Call 09050023333 to claim your prize.,"
spam,"Important! Your mobile account has been compromised. Call 08714422111 to secure it.,"
spam,"Call 08712223344 now to claim your Â£2000 prize.,"
spam,"Get a free upgrade to double data! Call 08000839402 to activate.,"
spam,"Call 09052223334 to claim your Â£1000 reward!,"
spam,"Youâ€™ve been selected for a Â£5000 prize! Call 08713322111 to confirm.,"
spam,"Special offer: Get 6 months of free minutes and texts. Call 08000839402.,"
spam,"Congratulations! Youâ€™ve won a new iPhone! Call 09050023333 to claim.,"
spam,"Important! You need to verify your account. Call 08717778888 for assistance.,"
spam,"Claim your Â£1000 prize now! Call 08712223344 to verify.,"
spam,"Get a Â£250 gift card now! Call 08713322111 to claim.,"
spam,"Youâ€™ve won a Â£2000 voucher! Call 09053322111 to claim.,"
spam,"Important: Your account is under review. Call 08714422111 to verify your details.,"
spam,"Call 09050023334 now to claim your prize worth Â£5000.,"
spam,"Exclusive offer: Get free talk time for 6 months! Call 08000889901 to claim.,"
spam,"Your account is under review. Call 08712223333 to resolve the issue.,"
spam,"Urgent: Your welfare payments are in jeopardy. Call 09051122334 to verify.,"
spam,"Call now to claim your Â£1000 reward! Call 08717778888.,"
spam,"Your free vacation is waiting! Call 09052223333 to book.,"
spam,"You have 2 unread voicemail messages! Call 08712223344 to listen.,"
spam,"Congratulations! Youâ€™ve won a Â£5000 prize! Call 08714443333 to claim.,"
spam,"Special prize for you! Call 09050023334 to claim your Â£250 voucher.,"
spam,"Youâ€™ve been selected for a free Â£1000 gift card! Call 08714443322 to claim.,"
spam,"Get a Â£500 reward! Call 08712223333 to claim your prize.,"
spam,"Your account is locked. Call 08714422111 to unlock it immediately.,"
spam,"Final notice: Your mobile account is about to be suspended. Call 08712223333 to confirm.,"
spam,"Important: Your identity needs to be verified. Call 08710022334 for assistance.,"
spam,"Urgent: Your account has been compromised. Call 09052223334 to verify.,"
spam,"Youâ€™ve won a free iPhone! Call 08712223333 to claim your prize.,"
spam,"Call now to claim your Â£1000 reward! Call 08713334444 to verify.,"
spam,"Congratulations! Youâ€™ve won a Â£250 gift card! Call 09053322111 to claim.,"
spam,"Special offer: Get double your data for free! Call 08000860012.,"
spam,"Get a Â£2000 shopping voucher now! Call 09052223334 to claim.,"
spam,"Final notice! Your account has been flagged. Call 08712223333 to resolve the issue.,"
spam,"Urgent: Your bank account is locked. Call 09050023333 for assistance.,"
spam,"Youâ€™ve won a free holiday! Call 08712223333 to claim.,"
spam,"Get free data for 6 months! Call 08000889901 to activate.,"
spam,"Youâ€™ve been selected to receive a Â£1000 reward! Call 09052223333 now.,"
spam,"Congratulations! Youâ€™ve won a Â£2000 shopping spree. Call 08714422111 to claim.,"
spam,"Final notice: Your benefits are at risk. Call 08712223333 for verification.,"
spam,"Claim your Â£5000 cash prize now! Call 08710022333 to collect.,"
spam,"Youâ€™ve been selected for a Â£1000 gift card! Call 09052223333 to claim.,"
spam,"Call now to claim your Â£2000 reward! Call 08712223333.,"
spam,"Your account has been flagged for suspicious activity. Call 09052223334 for support.,"
spam,"Important: Your welfare payments are under review. Call 08712223333 to confirm.,"
spam,"Special offer: Get a free mobile phone with your next upgrade! Call 08000839402.,"
spam,"Your account is under review. Call 08710022334 to resolve.,"
spam,"Youâ€™ve won a free trip! Call 09053322111 to book now.,"
spam,"Urgent: Your benefits are under review. Call 08712223333 to verify.,"
spam,"Get free talk time for 6 months! Call 08000889901 to claim.,"
spam,"Important: Your bank account needs verification. Call 08710022333 to confirm.,"
spam,"Youâ€™ve been selected for a Â£1000 prize! Call 08714422111 to claim.,"
spam,"Call 08712223333 now to claim your Â£5000 reward.,"
spam,"Final notice: Your account is under review. Call 09050023334 for assistance.,"
spam,"Youâ€™ve been selected for a Â£250 reward! Call 08713322111 to claim.,"
spam,"Congratulations! Youâ€™ve won a Â£5000 shopping spree. Call 08717778888 to claim.,"
spam,"Urgent: Your account has been flagged for suspicious activity. Call 09050023333.,"
spam,"Special offer! Get a Â£1000 voucher with your next upgrade. Call 08712223333.,"
spam,"Get a Â£2000 gift card now! Call 08712223333 to claim.,"